FARMERID,PHONE,NAME,ADDRESS,BIRTH,EMAIL
1,660-291-5123,Parlatt,3253 Talmadge Alley,8/21/2020,dparlatt0@indiegogo.com
2,424-407-4576,Titchener,484 International Place,8/8/2020,mtitchener1@mozilla.org
3,963-880-6881,Gibbin,16 Brickson Park Way,6/26/2020,ggibbin2@noaa.gov
4,939-440-3151,Stacey,9 Ridgeview Hill,6/29/2020,vstacey3@sohu.com
5,994-843-6000,Combe,73 Merrick Way,8/24/2020,ecombe4@squidoo.com
6,414-519-7546,Linforth,2 Gale Junction,10/18/2020,mlinforth5@harvard.edu
7,362-478-5120,Cattell,92511 Hanover Point,2/25/2020,tcattell6@flavors.me
8,928-420-5854,Flecknoe,2 Mifflin Lane,8/8/2020,lflecknoe7@dedecms.com
9,895-532-0112,Been,557 Meadow Valley Hill,11/29/2019,cbeen8@uiuc.edu
10,697-475-1873,Self,0 Melody Court,7/28/2020,mself9@merriam-webster.com
11,502-933-7195,Meininger,0947 Dryden Plaza,9/12/2020,lmeiningera@macromedia.com
12,374-154-4571,Lillyman,44823 Glendale Drive,7/6/2020,dlillymanb@rambler.ru
13,340-195-5854,Brunone,707 Victoria Road,6/14/2020,rbrunonec@nifty.com
14,395-941-1966,Cull,63 Northport Plaza,5/28/2020,cculld@msu.edu
15,320-722-6189,Dysart,63630 Lake View Junction,5/19/2020,gdysarte@dot.gov
16,384-595-9538,Bocke,6505 Ryan Park,10/28/2020,fbockef@cnbc.com
17,611-993-4022,Rubury,59938 Garrison Terrace,3/16/2020,mruburyg@ustream.tv
18,449-900-9088,Booty,4660 Arizona Avenue,9/5/2020,cbootyh@netscape.com
19,267-454-8576,Pointer,6 Tomscot Drive,8/7/2020,hpointeri@yale.edu
20,155-303-1980,Gonnely,72812 Browning Circle,11/8/2019,ggonnelyj@ca.gov
21,455-873-7044,Feedham,29698 Gina Place,11/17/2019,kfeedhamk@latimes.com
22,560-433-8937,Berthot,59 Kenwood Lane,10/7/2020,hberthotl@amazonaws.com
23,884-644-8054,Ortiga,672 Chive Crossing,8/4/2020,aortigam@paypal.com
24,591-575-5831,Blance,9 East Lane,11/30/2019,tblancen@blinklist.com
25,498-149-6131,Francom,096 Division Drive,3/9/2020,vfrancomo@yahoo.co.jp
26,271-689-9195,Burston,568 Meadow Ridge Way,5/7/2020,cburstonp@mapy.cz
27,630-714-9759,Laidlow,56193 Scofield Hill,10/27/2020,klaidlowq@yahoo.com
28,452-610-8335,Bladder,26978 Burrows Point,2/11/2020,bbladderr@domainmarket.com
29,974-921-1111,De Laspee,9754 Springview Pass,11/16/2019,jdelaspees@multiply.com
30,444-454-8141,Micco,359 Clove Pass,11/29/2019,amiccot@geocities.com
31,180-641-2729,Dunphie,259 Kings Road,5/19/2020,ldunphieu@yahoo.co.jp
32,811-951-8169,Slate,3361 Pawling Street,9/8/2020,eslatev@state.tx.us
33,588-310-1106,MacSweeney,9490 Pine View Drive,7/24/2020,lmacsweeneyw@phoca.cz
34,158-626-1240,Orum,0666 Shasta Terrace,5/9/2020,gorumx@economist.com
35,224-246-7880,Shiers,23 Vera Hill,5/11/2020,dshiersy@yelp.com
36,369-532-3436,Sire,95618 Dahle Point,5/8/2020,ksirez@icq.com
37,299-986-9369,Rolfi,4 3rd Hill,1/8/2020,arolfi10@nbcnews.com
38,978-257-7771,Grinikhinov,8377 Acker Crossing,3/5/2020,egrinikhinov11@bing.com
39,983-891-7340,Toppes,24832 Green Terrace,4/27/2020,itoppes12@state.tx.us
40,236-914-8673,Jacquot,55959 Glendale Park,1/10/2020,ajacquot13@pen.io
41,537-792-0411,Tosh,40656 Lakeland Crossing,11/21/2019,ltosh14@ed.gov
42,936-280-3066,Easeman,382 Crescent Oaks Lane,10/9/2020,deaseman15@nydailynews.com
43,669-778-3361,Seabourne,5 Bultman Circle,2/13/2020,iseabourne16@elpais.com
44,337-240-8167,Redihalgh,7 Melrose Avenue,3/30/2020,credihalgh17@geocities.jp
45,668-698-0486,Rockwill,30 Esch Lane,8/21/2020,brockwill18@miitbeian.gov.cn
46,452-401-1290,Marshland,7 Muir Terrace,4/3/2020,amarshland19@house.gov
47,537-574-1964,Flowith,46501 Muir Place,12/4/2019,sflowith1a@tripod.com
48,768-337-8288,Scates,134 Anderson Place,1/11/2020,kscates1b@soundcloud.com
49,256-900-1969,Devitt,48516 Mitchell Court,6/9/2020,kdevitt1c@umich.edu
50,904-142-7815,Cubbin,00 Service Hill,11/27/2019,rcubbin1d@webmd.com
51,481-799-1196,Weerdenburg,43534 Ridge Oak Junction,1/12/2020,dweerdenburg1e@cisco.com
52,193-297-3613,MacFadzan,3055 Lighthouse Bay Court,3/28/2020,kmacfadzan1f@t.co
53,794-797-4210,Grayley,9007 Loeprich Lane,5/13/2020,sgrayley1g@rakuten.co.jp
54,959-692-9535,Aronstein,700 Grim Lane,8/10/2020,maronstein1h@unblog.fr
55,846-986-2289,Mealham,75 Sloan Lane,12/19/2019,hmealham1i@printfriendly.com
56,572-703-9165,Elsby,15539 Westerfield Crossing,1/20/2020,nelsby1j@vistaprint.com
57,460-561-4365,Bartosch,01237 Tony Place,11/17/2019,mbartosch1k@example.com
58,336-316-5537,Jenkin,8 Sachs Park,1/12/2020,gjenkin1l@columbia.edu
59,344-860-7059,Westnedge,6 Homewood Center,4/8/2020,swestnedge1m@cbslocal.com
60,644-396-7560,Chritchley,15081 Leroy Avenue,1/31/2020,tchritchley1n@hibu.com
61,669-966-6315,Housby,0501 Union Park,8/10/2020,bhousby1o@lulu.com
62,564-262-0680,Attwooll,7 Prentice Way,3/3/2020,dattwooll1p@cam.ac.uk
63,130-498-3463,Mattielli,46 Nancy Drive,4/22/2020,amattielli1q@cargocollective.com
64,159-291-9409,Grolmann,91236 Shopko Center,11/27/2019,cgrolmann1r@si.edu
65,184-770-5353,MacBarron,286 Del Mar Alley,8/21/2020,rmacbarron1s@wsj.com
66,360-130-1729,Bourdel,5232 Pawling Terrace,8/8/2020,abourdel1t@kickstarter.com
67,353-245-4605,Murkin,9 Scott Park,7/25/2020,cmurkin1u@huffingtonpost.com
68,414-534-3287,Marran,29 Manitowish Place,2/1/2020,smarran1v@skyrock.com
69,691-788-7320,Hearmon,49967 Golf View Way,11/7/2019,chearmon1w@over-blog.com
70,487-430-1827,Berrey,5 Jay Way,7/1/2020,sberrey1x@webnode.com
71,978-131-4684,Cawthra,20981 Bartillon Parkway,9/29/2020,gcawthra1y@last.fm
72,702-590-3466,Reith,3981 Beilfuss Trail,8/30/2020,treith1z@webnode.com
73,520-278-0166,Matteacci,8 Columbus Avenue,7/12/2020,cmatteacci20@slideshare.net
74,789-580-1489,Upston,8847 Miller Crossing,4/4/2020,eupston21@salon.com
75,773-362-2959,Stentiford,25336 Bluestem Drive,8/19/2020,cstentiford22@creativecommons.org
76,314-154-5862,Benois,748 Elka Junction,2/27/2020,sbenois23@mit.edu
77,220-837-1724,Bauduccio,9347 Marcy Way,7/18/2020,dbauduccio24@fc2.com
78,805-985-1456,Pusill,8989 Sachtjen Parkway,8/30/2020,gpusill25@1und1.de
79,976-567-1360,Denidge,378 Fairview Center,12/29/2019,sdenidge26@epa.gov
80,891-768-3123,Danev,137 Ilene Street,5/18/2020,adanev27@webeden.co.uk
81,783-735-9798,Wenger,3467 Service Alley,1/13/2020,swenger28@columbia.edu
82,834-429-7484,Lapree,29 Kinsman Circle,1/15/2020,mlapree29@vk.com
83,609-346-9490,Cockill,47543 Monica Center,7/14/2020,gcockill2a@odnoklassniki.ru
84,302-618-1150,Strathearn,874 Northland Crossing,3/31/2020,dstrathearn2b@accuweather.com
85,844-549-2623,Simeons,91 Di Loreto Plaza,9/26/2020,wsimeons2c@nih.gov
86,807-918-8474,Andrey,5 Merchant Alley,8/30/2020,aandrey2d@parallels.com
87,883-155-3338,Swaine,924 Stone Corner Drive,10/31/2020,dswaine2e@ebay.com
88,479-439-6018,Meddows,6649 Hudson Circle,3/27/2020,cmeddows2f@issuu.com
89,700-709-1494,Rolstone,067 Gina Pass,6/27/2020,srolstone2g@zimbio.com
90,832-971-7372,Melrose,5038 Eggendart Road,3/24/2020,mmelrose2h@comsenz.com
91,341-499-7592,Cassidy,6 Toban Drive,2/14/2020,scassidy2i@mashable.com
92,376-681-5321,Shelmerdine,33842 Fremont Parkway,12/11/2019,eshelmerdine2j@epa.gov
93,172-718-3423,Gyenes,9 Rutledge Point,1/9/2020,sgyenes2k@marketwatch.com
94,899-146-6218,Pennino,176 Ronald Regan Place,1/20/2020,mpennino2l@slashdot.org
95,612-607-9850,Wildor,401 Transport Place,11/17/2019,wwildor2m@miitbeian.gov.cn
96,464-471-8814,Rotham,014 Cordelia Center,2/18/2020,crotham2n@ibm.com
97,469-349-0536,Galego,6998 Carioca Parkway,6/13/2020,sgalego2o@privacy.gov.au
98,220-537-6051,Brayne,95 Shasta Way,10/12/2020,hbrayne2p@mail.ru
99,165-365-7833,Sudell,0 Service Plaza,9/11/2020,gsudell2q@scribd.com
100,509-776-6391,Norcross,781 Fremont Parkway,1/14/2020,jnorcross2r@mayoclinic.com
